Transaction date,opening,highest,lowest,current,amount
20160922_,9835,9845,9720,9815,7849515
20160923_,9755,9840,9755,9820,9775392
20160926_,9840,9910,9735,9875,10065403
20160927_,9975,10040,9705,9745,15822705
20160928_,9765,9820,9745,9805,9475753
20160929_,9715,9720,9605,9645,9725916
20160930_,9795,9880,9755,9880,12151613
20161004_,9760,9800,9700,9760,7358501
20161005_,9885,9945,9720,9760,10007241
20161006_,9615,9720,9595,9635,10405677
20161007_,9645,9700,9610,9690,10587998
20161010_,9750,9840,9640,9655,11540588
20161011_,9700,9955,9645,9950,19977620
20161012_,10050,10070,9915,9945,15390095
20161013_,9995,10170,9960,10135,19273750
20161014_,10090,10090,9980,10035,11496253
20161017_,10020,10175,9935,10000,16528858
20161018_,9995,9995,9845,9855,10950689
20161019_,9890,9915,9740,9835,9712715
20161020_,9810,9830,9740,9825,9727336
20161021_,9830,9925,9795,9900,12801185
20161024_,9835,9835,9740,9755,12314372
20161025_,9785,9900,9755,9800,9125334
20161026_,9870,10125,9870,10040,13485491
20161027_,9975,10010,9920,9950,9859226
20161028_,9985,9990,9885,9935,9615465
20161031_,10035,10065,9930,9985,11034711
20161101_,9995,10175,9970,9985,13449905
20161102_,10135,10250,10090,10245,12990115
20161103_,10265,10310,10160,10190,10829748
20161104_,10235,10295,10195,10250,10164511
20161107_,10045,10125,10010,10065,8924912
20161108_,9980,10120,9970,10025,8381472
20161109_,9960,10710,9890,10460,36018301
20161110_,10140,10205,10000,10030,17215972
20161111_,10165,10260,10125,10225,11556020
20161114_,10270,10410,10220,10385,11077374
20161115_,10415,10465,10335,10465,9628960
20161116_,10350,10405,10305,10385,6963322
20161117_,10445,10535,10375,10400,10040404
20161118_,10360,10490,10355,10400,7494047
20161121_,10455,10500,10380,10465,7644094
20161122_,10385,10385,10185,10220,11642468
20161123_,10200,10245,10060,10135,8374247
20161124_,10165,10295,10125,10245,10069297
20161125_,10205,10275,10190,10235,6103415
20161128_,10240,10365,10155,10175,8977112
20161129_,10195,10225,10140,10180,8739081
20161130_,10190,10190,10040,10075,10900946
20161201_,10065,10120,10030,10065,6624140
20161202_,10150,10245,10110,10205,9827227
20161205_,10280,10310,10195,10230,8802762
20161206_,10100,10100,9945,9990,12391026
20161207_,9945,9970,9900,9930,6001676
20161208_,9765,9770,9600,9640,12992490
20161209_,9600,9630,9550,9570,5828315
20161212_,9490,9635,9490,9585,6801943
20161213_,9585,9605,9530,9540,5465437
20161214_,9465,9540,9415,9515,6796061
20161215_,9645,9665,9490,9520,7909583
20161216_,9555,9575,9470,9485,5198251
20161219_,9530,9535,9450,9485,4182999
20161220_,9465,9480,9420,9445,4420331
20161221_,9400,9475,9340,9475,7028278
20161222_,9450,9495,9435,9485,5075517
20161223_,9495,9520,9475,9500,4729934
20161226_,9490,9515,9475,9485,2978736
20161227_,9485,9485,9445,9470,2888508
20161228_,9420,9420,9355,9390,4996271
20161229_,9420,9460,9385,9390,3607927
20170102_,9405,9460,9275,9335,5195760
20170103_,9275,9305,9185,9190,6424138
20170104_,9190,9205,9155,9170,3558572
20170105_,9190,9230,9170,9230,3769974
20170106_,9195,9195,9115,9150,4846564
20170109_,9130,9145,9080,9110,3708572
20170110_,9175,9180,9105,9135,4759668
20170111_,9110,9110,8740,8790,14340434
20170112_,8785,8800,8720,8760,8278871
20170113_,8795,8805,8755,8800,4245290
20170116_,8810,8945,8770,8905,8223238
20170117_,8880,8880,8765,8840,6154787
20170118_,8835,8965,8785,8840,7871432
20170119_,8750,8915,8660,8835,9558992
20170120_,8890,8905,8840,8865,4715812
20170123_,8890,8980,8810,8870,6310200
20170124_,8840,8905,8780,8865,6293767
20170125_,8755,8865,8745,8810,5445501
20170126_,8745,8790,8615,8660,8755372
20170131_,8715,8770,8690,8770,10454893
20170201_,8725,8740,8685,8700,4326203
20170202_,8705,8795,8605,8775,6512673
20170203_,8725,8840,8710,8760,6179579
20170206_,8625,8755,8595,8725,5928088
20170207_,8705,8775,8700,8750,5537304
20170208_,8795,8950,8790,8835,9119608
20170209_,8820,8870,8760,8810,6712188
20170210_,8735,8785,8695,8780,5258404
20170213_,8805,8815,8760,8775,3354398
20170214_,8735,8870,8730,8820,7232307
20170215_,8840,8865,8740,8765,6615951
20170216_,8735,8800,8685,8775,5631487
20170217_,8825,8835,8755,8775,4866765
20170220_,8755,8790,8720,8720,3376626
20170221_,8705,8720,8485,8555,10648781
20170222_,8535,8555,8495,8520,3882478
20170223_,8540,8560,8505,8525,3443073
20170224_,8540,8685,8510,8660,7706050
20170227_,8660,8765,8635,8720,6844691
20170228_,8715,8735,8660,8700,4446389
20170302_,8580,8615,8480,8540,7078673
20170303_,8620,8755,8595,8715,10327745
20170306_,8770,8800,8670,8685,6815927
20170307_,8665,8680,8545,8575,8011378
20170308_,8600,8625,8505,8550,6650917
20170309_,8540,8600,8515,8590,5176885
20170310_,8620,8690,8510,8560,9577675
20170313_,8540,8545,8325,8370,10946345
20170314_,8310,8320,8220,8230,7168847
20170315_,8245,8260,8190,8210,5030218
20170316_,8010,8120,7995,8095,7894959
20170317_,8085,8100,8000,8010,5510890
20170320_,8025,8095,8025,8045,4472603
20170321_,7985,8015,7835,7885,8205289
20170322_,8005,8025,7940,7960,7687455
20170323_,7900,7945,7850,7930,5157454
20170324_,7920,7985,7865,7950,6548254
20170327_,8020,8085,7980,8060,6183302
20170328_,7985,8050,7970,8020,4300014
20170329_,7945,8020,7940,7985,4149373
20170330_,7975,8025,7900,7990,4639468
20170331_,7965,8030,7960,8020,4318081
20170403_,7985,8015,7930,7980,4060566
20170404_,8005,8055,7975,8030,5470565
20170405_,8025,8150,8000,8055,8162023
20170406_,8110,8190,8100,8125,8942575
20170407_,8090,8215,8090,8145,9220790
20170410_,8150,8275,8150,8245,10033395
20170411_,8290,8375,8235,8330,9919002
20170412_,8315,8355,8300,8310,5465053
20170413_,8290,8320,8150,8155,8600413
20170414_,8205,8325,8190,8225,7674858
20170417_,8195,8225,8130,8185,5872345
20170418_,8110,8245,8095,8190,6694103
20170419_,8230,8320,8190,8270,7167061
20170420_,8310,8340,8200,8210,6790513
20170421_,8135,8165,8035,8060,8602246
20170424_,7985,8025,7950,7985,4215031
20170425_,7965,7970,7795,7810,6425829
20170426_,7760,7770,7690,7715,7323269
20170427_,7735,7750,7675,7680,4337258
20170428_,7675,7690,7605,7680,5322506
20170502_,7620,7620,7460,7555,7271245
20170504_,7490,7505,7400,7400,5600273
20170508_,7370,7390,7025,7030,10544276
20170510_,6995,7225,6765,7180,19660588
20170511_,7120,7175,6995,7035,10785012
20170512_,7025,7105,7005,7090,9327400
20170515_,7080,7125,7010,7050,7580705
20170516_,6950,7100,6925,7035,8243128
20170517_,7080,7105,7020,7055,10464688
20170518_,7190,7220,7075,7080,13153090
20170519_,7090,7125,7060,7105,5881975
20170522_,7025,7070,6985,7000,6808781
20170523_,6970,6990,6845,6950,11935282
20170524_,6910,6955,6880,6935,6535709
20170525_,6875,6910,6765,6770,13347879
20170526_,6760,6780,6625,6690,15075202
20170529_,6645,6775,6595,6700,12382096
20170530_,6715,6865,6695,6795,14698145
20170531_,6830,6840,6725,6790,11666575
20170601_,6805,6870,6770,6825,10981349
20170602_,6775,6785,6655,6665,13137351
20170605_,6635,6695,6620,6675,5143019
20170607_,6690,6755,6670,6755,8782674
20170608_,6755,6825,6705,6705,10459835
20170609_,6695,6700,6575,6605,11954501
20170612_,6685,6755,6650,6745,10916137
20170613_,6730,6735,6645,6650,7776002
20170614_,6605,6695,6565,6660,8866374
20170615_,6680,6790,6620,6720,11816754
20170616_,6720,6745,6685,6705,7145864
20170619_,6715,6740,6605,6635,7575447
20170620_,6560,6635,6560,6605,5917850
20170621_,6680,6735,6665,6690,12560092
20170622_,6660,6690,6600,6600,9603004
20170623_,6610,6615,6545,6565,6106878
20170626_,6560,6560,6480,6490,7610749
20170627_,6515,6520,6455,6490,5844035
20170628_,6555,6555,6495,6525,7784807
20170629_,6450,6455,6400,6440,7055897
20170630_,6525,6535,6480,6480,5779228
20170703_,6460,6515,6445,6460,4576561
20170704_,6450,6555,6440,6535,8729235
20170705_,6565,6575,6475,6480,6733999
20170706_,6455,6525,6455,6480,4708264
20170707_,6540,6570,6500,6535,6539153
20170710_,6490,6530,6455,6490,6927454
20170711_,6485,6495,6410,6410,5591637
20170712_,6420,6435,6390,6420,3524165
20170713_,6345,6355,6220,6280,11079417
20170714_,6245,6275,6230,6260,4143214
20170717_,6185,6235,6170,6215,4507870
20170718_,6225,6245,6210,6210,3484117
20170719_,6190,6240,6190,6200,4873769
20170720_,6160,6200,6120,6135,5744596
20170721_,6150,6160,6080,6085,6684915
20170724_,6085,6120,6085,6090,4439203
20170725_,6090,6155,6080,6150,4591384
20170726_,6125,6200,6120,6175,8196626
20170727_,6145,6165,6100,6135,5747428
20170728_,6180,6385,6180,6370,11369263
20170731_,6430,6440,6350,6365,9084431
20170801_,6395,6420,6190,6265,11951355
20170802_,6215,6245,6195,6230,4497280
20170803_,6265,6530,6265,6450,16361047
20170804_,6430,6465,6365,6390,10567267
20170807_,6360,6395,6310,6380,5240117
20170808_,6350,6470,6315,6400,8732359
20170809_,6500,6580,6455,6560,14712223
20170810_,6600,6720,6550,6620,15708120
20170811_,6820,6895,6760,6845,19140574
20170814_,6755,6800,6705,6735,8050044
20170816_,6605,6680,6590,6665,7596537
20170817_,6635,6665,6555,6575,9073741
20170818_,6690,6700,6580,6600,11800677
20170821_,6570,6640,6565,6620,6236299
20170822_,6595,6600,6540,6560,7242967
20170823_,6485,6585,6480,6555,5541738
20170824_,6555,6555,6470,6500,8893050
20170825_,6465,6520,6450,6485,7227550
20170828_,6500,6580,6465,6560,5943586
20170829_,6640,6790,6600,6600,14557569
20170830_,6575,6610,6550,6550,5814890
20170831_,6540,6660,6530,6630,7559534
20170901_,6585,6685,6575,6635,7620623
20170904_,6825,6835,6700,6780,19625291
20170905_,6735,6830,6725,6795,12353671
20170906_,6810,6865,6800,6825,10701663
20170907_,6790,6795,6650,6665,10186722
20170908_,6645,6680,6630,6650,6868992
20170911_,6590,6590,6480,6530,8160061
20170912_,6465,6545,6465,6520,7145634
20170913_,6505,6550,6440,6520,9083583
20170914_,6505,6540,6455,6455,7554425
20170915_,6480,6500,6385,6390,7704875
20170918_,6365,6380,6175,6175,10808299
20170919_,6175,6200,6155,6195,6391738
20170920_,6165,6230,6100,6185,9551420
20170921_,6210,6230,6165,6185,6573237
20170922_,6210,6300,6160,6270,12595084
20170925_,6265,6310,6240,6275,9209346
20170926_,6320,6370,6300,6345,9640423
20170927_,6335,6380,6330,6365,5443081
20170928_,6355,6395,6320,6355,7579265
20170929_,6350,6350,6270,6270,6963502
20171010_,6115,6120,5970,6035,12011531
20171011_,5995,5995,5905,5915,10436782
20171012_,5890,5905,5825,5830,8987946
20171013_,5845,5865,5810,5840,5557128
20171016_,5815,5850,5780,5820,5346335
20171017_,5815,5830,5790,5800,5207655
20171018_,5820,5845,5780,5805,5168286
20171019_,5785,5890,5780,5875,6903491
20171020_,5870,5870,5800,5800,4478627
20171023_,5755,5810,5750,5780,5180470
20171024_,5785,5790,5760,5780,5759393
20171025_,5775,5825,5760,5780,6011810
20171026_,5800,5860,5780,5860,6217059
20171027_,5855,5870,5765,5785,7618124
20171030_,5700,5770,5700,5750,4351606
20171031_,5750,5775,5610,5630,8749999
20171101_,5550,5575,5450,5450,14005964
20171102_,5450,5515,5440,5480,7387210
20171103_,5450,5535,5435,5460,7738774
20171106_,5475,5595,5455,5510,7684014
20171107_,5510,5540,5470,5525,6280926
20171108_,5570,5585,5450,5480,9850119
20171109_,5465,5575,5460,5515,9346721
20171110_,5580,5590,5525,5545,6631755
20171113_,5540,5615,5500,5605,6508711
20171114_,5600,5635,5585,5615,5154079
20171115_,5640,5695,5625,5665,7204708
20171116_,5650,5680,5585,5600,6021628
20171117_,5555,5615,5475,5615,7249714
20171120_,5600,5675,5575,5655,5480913
20171121_,5620,5655,5585,5625,5784296
20171122_,5565,5600,5510,5570,5401896
20171123_,5560,5610,5550,5590,4652655
20171124_,5590,5625,5570,5570,3978780
20171127_,5560,5770,5560,5755,10246453
20171128_,5750,5795,5700,5725,10111968
20171129_,5700,5745,5670,5725,6327926
20171130_,5805,5930,5765,5925,12045631
20171201_,5880,5950,5865,5920,9516177
20171204_,5875,5930,5800,5800,7320381
20171205_,5855,5885,5745,5760,9068811
20171206_,5765,5930,5755,5930,9506335
20171207_,5900,6010,5895,5965,11038234
20171208_,5925,5980,5905,5935,6367783
20171211_,5910,5980,5910,5915,5786905
20171212_,5915,5985,5910,5960,4088176
20171213_,5940,5975,5860,5875,6907084
20171214_,5835,5860,5710,5835,9882928
20171215_,5815,5890,5785,5860,7698168
20171218_,5845,5885,5840,5860,3576954
20171219_,5820,5875,5750,5855,4863323
20171220_,5875,5890,5825,5870,4391133
20171221_,5890,6090,5880,6090,9473707
20171222_,6070,6100,6010,6030,5429674
20171226_,6015,6085,5945,6085,5569868
20171227_,6050,6070,5955,5960,5683799
20171228_,5930,5950,5805,5805,8193361
20180102_,5775,5805,5735,5750,5691526
20180103_,5715,5730,5670,5705,4300814
20180104_,5640,5805,5630,5800,7174505
20180105_,5760,5770,5645,5645,5503736
20180108_,5590,5660,5550,5575,5711276
20180109_,5600,5655,5515,5605,5889595
20180110_,5580,5705,5570,5685,6803401
20180111_,5695,5770,5680,5745,6738777
20180112_,5700,5800,5695,5715,5433624
20180115_,5670,5740,5645,5695,5043247
20180116_,5695,5730,5595,5605,4762043
20180117_,5635,5675,5610,5635,3458250
20180118_,5570,5655,5545,5650,3781783
20180119_,5630,5655,5605,5635,2350103
20180122_,5650,5800,5645,5755,6296639
20180123_,5710,5715,5585,5585,5264942
20180124_,5590,5600,5525,5570,4183319
20180125_,5600,5600,5460,5465,6241355
20180126_,5470,5505,5435,5435,4919195
20180129_,5365,5385,5305,5340,6740774
20180130_,5370,5485,5340,5485,7808815
20180131_,5535,5540,5330,5480,15361166
20180201_,5450,5505,5420,5480,9375129
20180202_,5515,5720,5510,5700,13692530
20180205_,5860,5925,5800,5835,17463717
20180206_,6080,6220,5985,6015,28081804
20180207_,5870,6330,5870,6325,21369792
20180208_,6300,6360,6160,6210,24038718
20180209_,6590,6625,6490,6530,21883951
20180212_,6465,6535,6350,6395,13992847
20180213_,6315,6370,6160,6300,15092143
20180214_,6230,6230,6110,6145,13917331
20180219_,5970,6150,5970,6065,14018282
20180220_,6120,6250,6110,6240,12133330
20180221_,6220,6305,6135,6160,12901984
20180222_,6240,6290,6200,6230,11838882
20180223_,6175,6190,6040,6040,12324331
20180226_,5980,6080,5980,6030,6699814
20180227_,5960,6060,5905,6060,7233347
20180228_,6105,6220,6045,6210,17856633
20180302_,6345,6450,6320,6375,14424328
20180305_,6415,6560,6375,6555,17149413
20180306_,6410,6445,6270,6275,18004328
20180307_,6215,6350,6150,6290,23922395
20180308_,6200,6260,6135,6135,13786257
20180309_,6085,6130,5900,6000,24747088
20180312_,5865,5935,5845,5885,11528713
20180313_,5900,5915,5830,5835,9479862
20180314_,5920,5920,5850,5850,10989582
20180315_,5845,5930,5795,5805,12901833
20180316_,5820,5910,5800,5830,11899019
20180319_,5845,5935,5830,5920,12246819
20180320_,5985,6000,5855,5855,11871267
20180321_,5850,5875,5815,5845,6781548
20180322_,5845,5850,5745,5805,11355566
20180323_,6020,6235,6015,6210,22002991
20180326_,6235,6310,6100,6110,19416080
20180327_,6020,6080,6010,6050,10497490
20180328_,6190,6280,6175,6210,14710333
20180329_,6185,6240,6085,6105,10905570
20180330_,6020,6070,5990,6070,8418039
20180402_,6070,6120,5985,6100,9742326
20180403_,6225,6260,6140,6140,14644755
20180404_,6120,6340,6115,6330,12236266
20180405_,6215,6255,6090,6140,14244507
20180406_,6245,6280,6175,6210,14006749
20180409_,6235,6240,6110,6125,9889548
20180410_,6175,6280,6075,6110,17456981
20180411_,6105,6165,6065,6145,14393808
20180412_,6110,6155,6080,6155,11663985
20180413_,6115,6140,6060,6075,9665126
20180416_,6020,6105,6015,6065,5699625
20180417_,6065,6105,6020,6080,6805829
20180418_,6000,6015,5910,5945,11944664
20180419_,5900,5935,5860,5885,7351793
20180420_,5940,5975,5910,5965,9401013
20180423_,5980,6010,5945,5970,6236998
20180424_,5960,6090,5950,6035,8679809
20180425_,6130,6180,6100,6120,11360987
20180426_,6075,6085,5915,5955,12066345
20180427_,5850,5895,5770,5835,11477975
20180430_,5805,5835,5770,5780,6635434
20180502_,5800,5880,5790,5865,7462518
20180503_,5905,5945,5870,5910,7627650
20180504_,5920,6000,5885,5995,8457277
20180508_,5945,6070,5920,6050,9455108
20180509_,6050,6165,6035,6080,11087451
20180510_,6025,6065,5990,6005,7371186
20180511_,5945,5970,5895,5935,6075620
20180514_,5925,5985,5905,5965,4399289
20180515_,5980,6090,5945,6070,7155370
20180516_,6125,6130,6010,6035,8429119
20180517_,6005,6085,5965,6080,6351038
20180518_,6060,6085,6040,6045,6668145
20180521_,6020,6130,5990,6020,9015506
20180523_,6045,6050,5935,5945,8675912
20180524_,5920,6020,5920,5980,6760108
20180525_,6040,6050,5940,5960,7604983
20180528_,5910,5945,5900,5915,4969411
20180529_,5935,6030,5920,6025,7623557
20180530_,6080,6360,6075,6290,16550381
20180531_,6220,6290,6210,6240,6951654
20180601_,6255,6285,6115,6160,7628350
20180604_,6140,6160,6070,6095,5234504
20180605_,6085,6175,6060,6065,7964216
20180607_,6000,6015,5925,5960,9274489
20180608_,5985,6095,5980,6085,7799103
20180611_,6055,6085,5970,5970,6320242
20180612_,5960,6015,5935,5990,7486027
20180614_,6060,6215,6055,6210,12024691
20180615_,6170,6275,6165,6275,8999828
20180618_,6270,6480,6265,6420,13758657
20180619_,6450,6625,6410,6600,14538197
20180620_,6545,6585,6415,6490,13457923
20180621_,6510,6620,6455,6620,13564842
20180622_,6730,6740,6505,6505,15468204
20180625_,6520,6645,6485,6505,12320080
20180626_,6630,6685,6500,6530,17433425
20180627_,6565,6590,6495,6565,11688319
20180628_,6620,6730,6590,6710,14206060
20180629_,6680,6825,6635,6670,15984783
20180702_,6700,6970,6655,6970,20050900
20180703_,6875,7055,6865,6940,28318280
20180704_,6945,7010,6885,6985,20838619
20180705_,6990,7100,6930,7020,22434529
20180706_,7040,7085,6860,6920,26351877
20180709_,6910,6965,6770,6820,14004625
20180710_,6760,6810,6720,6800,9454802
20180711_,6890,7010,6840,6875,20792684
20180712_,6845,6910,6765,6840,14183928
20180713_,6820,6825,6655,6685,19506961
20180716_,6680,6745,6650,6730,7007371
20180717_,6745,6820,6700,6750,16907335
20180718_,6660,6800,6615,6785,9889372
20180719_,6725,6830,6710,6815,10423455
20180720_,6800,6895,6725,6750,17435238
20180723_,6755,6885,6755,6855,13041693
20180724_,6835,6915,6795,6810,9992980
20180725_,6800,6860,6735,6840,10799568
20180726_,6760,6830,6690,6760,9914732
20180727_,6730,6780,6715,6715,5207493
20180730_,6750,6805,6705,6745,7601351
20180731_,6750,6785,6715,6735,6058860
20180801_,6700,6710,6625,6675,7865491
20180802_,6690,6940,6685,6915,19770487
20180803_,6875,6920,6810,6815,9732746
20180806_,6795,6835,6735,6825,9190776
20180807_,6810,6875,6735,6735,13334203
20180808_,6710,6755,6690,6740,8273408
20180809_,6750,6810,6725,6745,12884069
20180810_,6785,6920,6775,6890,14886527
20180813_,6985,7150,6975,7075,16206167
20180814_,7065,7085,6990,7005,9727242
20180816_,7215,7285,7110,7150,17077708
20180817_,7145,7185,7115,7150,10716786
20180820_,7100,7165,7025,7140,8613105
20180821_,7150,7180,6970,6990,11213708
20180822_,6970,7000,6900,6940,8144506
20180823_,6885,6965,6880,6885,5972057
20180824_,6925,6960,6800,6820,8557419
20180827_,6765,6825,6735,6750,6446330
20180828_,6690,6750,6660,6745,6341434
20180829_,6730,6755,6690,6710,6795150
20180830_,6690,6740,6620,6695,9333529
20180831_,6760,6795,6645,6650,10214875
20180903_,6670,6750,6660,6730,7660600
20180904_,6725,6760,6655,6660,6936477
20180905_,6715,6865,6690,6840,8165472
20180906_,6860,6900,6800,6870,11556103
20180907_,6960,7040,6890,6930,17395125
20180910_,6960,6970,6885,6905,7434837
20180911_,6930,7000,6860,6950,9787648
20180912_,6945,7025,6915,6965,5991787
20180913_,6955,6975,6915,6945,4735616
20180914_,6845,6845,6705,6725,9545124
20180917_,6760,6870,6760,6825,5454226
20180918_,6910,6930,6760,6760,8995843
20180919_,6710,6815,6710,6760,6119309
20180920_,6720,6735,6575,6640,14048092
20180921_,6600,6645,6575,6575,6168979
20180927_,6600,6615,6460,6475,6665108
20180928_,6470,6565,6470,6555,5338663
20181001_,6530,6615,6500,6570,4829783
20181002_,6590,6740,6540,6730,9925661
20181004_,6720,6965,6715,6955,11510403
20181005_,6970,7055,6910,6960,15125311
20181008_,7035,7040,6925,7035,7196986
20181010_,7005,7180,7005,7125,11417502
20181011_,7450,7740,7280,7720,22110467
20181012_,7720,7745,7425,7540,19824571
20181015_,7590,7685,7565,7655,13531952
20181016_,7595,7710,7530,7690,10800725
20181017_,7480,7555,7400,7500,12283773
20181018_,7555,7640,7505,7630,9993627
20181019_,7740,7840,7545,7565,17023504
20181022_,7665,7710,7495,7530,10948567
20181023_,7655,7975,7630,7895,18747738
20181024_,7795,8000,7790,7970,25694960
20181025_,8305,8455,8215,8220,36026401
20181026_,8200,8640,8200,8490,34239135
20181029_,8425,8650,8320,8635,28536267
20181030_,8705,8720,8345,8485,25902736
20181031_,8445,8600,8405,8430,15795380
20181101_,8415,8505,8215,8505,15518401
20181102_,8295,8315,7850,7870,28527832
20181105_,7970,8210,7970,8020,26488213
20181106_,7935,8100,7900,7930,16142890
20181107_,7930,8040,7780,8010,21123965
20181108_,7755,7865,7650,7865,19266150
20181109_,7875,7965,7815,7950,18115247
20181112_,8080,8105,7890,7925,19177631
20181113_,8160,8315,8020,8040,32187253
20181114_,8050,8135,8015,8085,16447408
20181115_,8110,8160,7905,7925,18790263
20181116_,7860,7955,7820,7935,13047395
20181119_,7910,7955,7775,7870,10937414
20181120_,8055,8090,7970,8040,18443356
20181121_,8240,8295,8095,8105,18892158
20181122_,8110,8170,8070,8135,12436657
20181123_,8130,8315,8095,8245,16764163
20181126_,8195,8220,8005,8010,13828219
20181127_,7960,8055,7865,7895,12826055
20181128_,7855,7925,7795,7800,10464263
20181129_,7575,7805,7560,7770,15642358
20181130_,7725,7950,7705,7905,13567004
20181203_,7670,7795,7600,7640,13758791
20181204_,7705,7885,7680,7820,15167002
20181205_,8010,8025,7850,7915,21471134
20181206_,8000,8180,7985,8140,22435009
20181207_,8050,8160,8015,8075,16354239
20181210_,8305,8355,8210,8250,19788782
20181211_,8200,8335,8200,8295,11436679
20181212_,8230,8255,8045,8060,13954619
20181213_,8055,8095,7925,7970,13255966
20181214_,7985,8320,7985,8250,20765700
20181217_,8205,8225,8130,8185,13574635
20181218_,8310,8320,8170,8250,17418729
20181219_,8215,8245,8115,8135,12721725
20181220_,8240,8390,8200,8310,24428039
20181221_,8350,8390,8290,8305,12509263
20181224_,8365,8425,8310,8310,8443257
20181226_,8510,8650,8440,8565,20328300
20181227_,8295,8380,8250,8335,13955319
20181228_,8300,8305,8185,8245,9890497
20190102_,8120,8500,8105,8465,17775095
20190103_,8465,8645,8445,8635,25567058
20190104_,8650,8690,8470,8480,23193898
20190107_,8265,8290,8120,8240,19214971
20190108_,8245,8365,8190,8355,15412503
20190109_,8285,8290,7945,7995,21883656
20190110_,7990,8055,7915,8000,14366428
20190111_,7935,8000,7865,7900,12890304
20190114_,7945,8060,7925,8040,11656367
20190115_,7990,8000,7710,7725,19146475
20190116_,7730,7775,7655,7660,15341497
20190117_,7630,7680,7555,7620,14701843
20190118_,7550,7580,7490,7505,12329411
20190121_,7410,7590,7405,7495,12932317
20190122_,7495,7630,7460,7575,15244091
20190123_,7645,7645,7455,7490,13457923
20190124_,7490,7515,7360,7365,16003102
20190125_,7325,7340,7075,7080,24307127
20190128_,7075,7145,6995,7095,16348521
20190129_,7130,7185,7030,7030,20968301
20190130_,7020,7055,6855,6855,20250274
20190131_,6725,6880,6715,6875,19076578
20190201_,6825,6915,6765,6905,18044497
20190207_,6810,6945,6805,6895,15807099
20190208_,6975,7125,6965,7090,21426179
20190211_,7085,7165,7075,7080,16950581
20190212_,7075,7095,6960,6985,14806827
20190213_,6930,6970,6910,6920,11944651
20190214_,6970,7035,6805,6805,16382971
20190215_,6855,7025,6845,6975,17565431
20190218_,6895,6925,6815,6860,13269752
20190219_,6885,7010,6860,6925,16483785
20190220_,6845,6875,6715,6765,19197091
20190221_,6810,6870,6710,6760,21458831
20190222_,6800,6840,6760,6760,14014995
20190225_,6685,6785,6665,6735,11011334
20190226_,6745,6815,6725,6785,11527769
20190227_,6745,6770,6710,6740,10257494
20190228_,6770,6970,6750,6970,22040139
20190304_,6875,7045,6825,7035,19082650
20190305_,7105,7195,7075,7140,19857511
20190306_,7160,7220,7155,7180,15377604
20190307_,7195,7290,7120,7230,15720505
20190308_,7305,7425,7280,7425,23129097
20190311_,7395,7480,7370,7415,15150769
20190312_,7280,7315,7235,7265,12645759
20190313_,7315,7475,7315,7375,14184360
20190314_,7330,7435,7295,7340,14055675
20190315_,7370,7375,7130,7180,21360993
20190318_,7140,7205,7125,7165,9489692
20190319_,7145,7230,7140,7185,9816971
20190320_,7210,7350,7160,7160,17527346
20190321_,7155,7170,6950,7065,27851081
20190322_,7000,7070,6960,7035,13753142
20190325_,7225,7315,7205,7315,19822288
20190326_,7265,7325,7255,7310,12581428
20190327_,7335,7440,7265,7305,21137713
20190328_,7405,7465,7340,7400,22036414
20190329_,7375,7430,7305,7330,13241102
20190401_,7220,7230,7100,7120,12684096
20190402_,7070,7095,7025,7070,9818991
20190403_,7070,7085,6850,6850,18227966
20190404_,6855,6880,6750,6830,16792338
20190405_,6820,6850,6770,6800,11514791
20190408_,6750,6885,6745,6840,14902955
20190409_,6820,6875,6745,6815,18107493
20190410_,6865,6880,6745,6750,16887618
20190411_,6735,6820,6715,6775,14472015
20190412_,6800,6850,6715,6745,14877051
20190415_,6690,6700,6620,6680,13852725
20190416_,6700,6715,6625,6635,13532571
20190417_,6630,6665,6610,6640,8763010
20190418_,6630,6875,6615,6855,21754871
20190419_,6790,6855,6775,6850,12515694
20190422_,6840,6920,6770,6855,23152783
20190423_,6850,6885,6805,6825,15342051
20190424_,6770,7045,6765,6985,30474785
20190425_,7010,7045,6940,7010,18409274
20190426_,7070,7165,7030,7090,33408133
20190429_,7050,7060,6805,6805,20186379
20190430_,6825,7010,6820,6895,34890273
20190502_,6965,7000,6800,6845,22691141
20190503_,6870,6990,6860,6955,21451949
20190507_,7080,7205,7060,7075,26915513
20190508_,7260,7270,7065,7140,22152909
20190509_,7200,7590,7175,7560,44997236
20190510_,7515,7695,7430,7545,52204817
20190513_,7695,7750,7590,7730,25902740
20190514_,7910,7915,7645,7750,29901644
20190515_,7765,7825,7620,7685,20659878
20190516_,7710,7935,7700,7895,30312987
20190517_,7785,8030,7785,8005,28236297
20190520_,7920,7995,7805,7965,31002265
20190521_,7975,7985,7750,7880,30875545
20190522_,7850,8030,7815,7860,30971311
20190523_,7870,7995,7845,7875,28490788
20190524_,7940,8075,7890,7995,31555698
20190527_,8010,8070,7915,7985,21710638
20190528_,7995,8065,7905,7960,24325550
20190529_,8025,8260,8005,8185,33101307
20190530_,8140,8165,8025,8040,29497196
20190531_,8085,8175,7960,8065,27650877
20190603_,8125,8155,7780,7800,24918172
20190604_,7810,7865,7775,7825,16870999
20190605_,7680,7830,7645,7805,19950891
20190607_,7800,7910,7680,7790,28189866
20190610_,7670,7760,7545,7565,27708098
20190611_,7575,7610,7460,7480,17226329
20190612_,7495,7550,7435,7535,17685162
20190613_,7540,7765,7525,7645,32690338
20190614_,7645,7740,7580,7655,20953296
20190617_,7680,7710,7575,7650,20197994
20190618_,7670,7680,7550,7575,16235004
20190619_,7400,7435,7345,7385,23884807
20190620_,7385,7410,7325,7335,12955444
20190621_,7320,7405,7315,7375,17271445
20190624_,7340,7375,7295,7355,12992812
20190625_,7370,7435,7280,7375,19599624
20190626_,7400,7405,7320,7360,15672310
20190627_,7315,7350,7150,7185,20894881
20190628_,7185,7250,7155,7210,13290442
20190701_,7090,7240,7070,7205,15406706
20190702_,7285,7360,7215,7290,17567426
20190703_,7315,7510,7260,7485,26136357
20190704_,7455,7510,7360,7360,21511835
20190705_,7345,7475,7325,7375,24653890
20190708_,7500,7700,7500,7690,28401004
20190709_,7650,7735,7595,7735,24618556
20190710_,7645,7675,7590,7660,19680801
20190711_,7580,7590,7435,7470,25978810
20190712_,7485,7530,7425,7435,13972005
20190715_,7485,7545,7420,7460,16070835
20190716_,7455,7485,7360,7390,15932323
20190717_,7455,7580,7455,7530,23848716
20190718_,7570,7620,7510,7565,22945008
20190719_,7470,7485,7315,7340,24166050
20190722_,7395,7410,7310,7350,11470871
20190723_,7325,7350,7240,7280,15472416
20190724_,7310,7445,7250,7420,19779628
20190725_,7370,7530,7360,7450,22081674
20190726_,7505,7565,7475,7485,20331245
20190729_,7515,7755,7505,7715,33127873
20190730_,7670,7695,7610,7660,14381707
20190731_,7690,7870,7640,7785,36338280
20190801_,7905,7925,7750,7845,22165285
20190802_,8005,8090,7970,8020,31272062
20190805_,8110,8390,8100,8350,37915615
20190806_,8745,8790,8380,8595,43694266
20190807_,8570,8770,8520,8705,37894670
20190808_,8550,8695,8485,8630,33329595
20190809_,8495,8555,8440,8515,18121851
20190812_,8505,8565,8430,8485,17281037
20190813_,8615,8670,8555,8660,21712681
20190814_,8465,8540,8385,8515,26741264
20190816_,8675,8750,8605,8605,26385890
20190819_,8495,8565,8455,8480,13794393
20190820_,8485,8530,8285,8315,19724147
20190821_,8360,8360,8225,8275,12191918
20190822_,8290,8430,8270,8410,15918098
20190823_,8510,8510,8395,8420,19930602
20190826_,8720,8775,8635,8675,31720522
20190827_,8605,8660,8510,8615,18609070
20190828_,8560,8605,8445,8460,20308414
20190829_,8455,8590,8435,8545,19663619
20190830_,8395,8395,8190,8240,23588440
20190902_,8285,8300,8185,8225,13648388
20190903_,8285,8320,8190,8285,15481752
20190904_,8310,8315,8065,8065,22734216
20190905_,8020,8030,7790,7895,26105114
20190906_,7805,7870,7785,7830,13561481
20190909_,7790,7805,7640,7705,17926221
20190910_,7695,7715,7625,7630,14304818
20190911_,7550,7585,7495,7515,19397079
20190916_,7460,7580,7460,7470,16418639
20190917_,7475,7520,7440,7475,13263255
20190918_,7440,7505,7360,7390,15965098
20190919_,7395,7410,7230,7300,23398619
20190920_,7310,7330,7205,7220,15027579
20190923_,7240,7260,7190,7210,13994896
20190924_,7215,7260,7125,7130,15620970
20190925_,7200,7325,7180,7320,21541900
20190926_,7255,7370,7210,7300,24363062
20190927_,7350,7495,7340,7440,22820337
20190930_,7485,7520,7310,7325,20353681
20191001_,7340,7365,7225,7285,15776938
20191002_,7400,7590,7395,7590,30207511
20191004_,7640,7660,7500,7650,28317751
20191007_,7555,7685,7525,7630,20043908
20191008_,7600,7605,7405,7415,23582352
20191010_,7560,7720,7465,7525,38001144
20191011_,7395,7475,7360,7420,18317213
20191014_,7255,7285,7200,7265,18010353
20191015_,7285,7300,7230,7250,15093381
20191016_,7175,7220,7100,7170,19645039
20191017_,7155,7245,7145,7225,13111952
20191018_,7185,7370,7125,7355,24472838
20191021_,7315,7345,7275,7285,13551664
20191022_,7205,7225,7065,7085,25578649
20191023_,7125,7200,7100,7165,16714287
20191024_,7095,7260,7090,7130,16323477
20191025_,7095,7190,7085,7130,10176791
20191028_,7050,7105,7000,7070,9778189
20191029_,7015,7130,6995,7105,11672677
20191030_,7090,7230,7090,7220,15817901
20191031_,7135,7185,7020,7175,22618812
20191101_,7180,7205,7055,7060,18605827
20191104_,6955,6970,6840,6845,20248713
20191105_,6830,6855,6745,6755,13954994
20191106_,6755,6780,6665,6755,19670907
20191107_,6770,6820,6730,6765,18158006
20191108_,6690,6825,6675,6810,15112203
20191111_,6815,6940,6810,6915,16469585
20191112_,6870,6925,6790,6790,14998837
20191113_,6835,6935,6835,6905,14742064
20191114_,6885,6910,6820,6820,15723721
20191115_,6765,6800,6590,6605,26691975
20191118_,6590,6660,6590,6620,11111705
20191119_,6675,6770,6655,6675,18998805
20191120_,6745,6850,6710,6840,29623267
20191121_,6860,7085,6845,7045,38096580
20191122_,7025,7040,6955,6980,20327433
20191125_,6900,6905,6780,6830,16595975
20191126_,6800,6830,6710,6820,25224863
20191127_,6785,6885,6735,6815,16292133
20191128_,6885,6910,6820,6870,15427772
20191129_,6850,7125,6830,7105,33066016
20191202_,7025,7085,6975,7065,19314519
20191203_,7190,7260,7120,7135,31186133
20191204_,7240,7320,7215,7240,33532888
20191205_,7160,7330,7120,7270,24591944
20191206_,7210,7220,7090,7115,21121730
20191209_,7050,7100,7015,7055,19315694
20191210_,7090,7115,6975,6985,18962863
20191211_,6985,7035,6910,6930,18782892
20191212_,6830,6835,6685,6695,27303516
20191213_,6510,6530,6440,6445,26349110
20191216_,6460,6470,6410,6450,12495298
20191217_,6400,6425,6255,6275,26225134
20191218_,6270,6310,6200,6285,20900597
20191219_,6235,6330,6205,6265,16983143
20191220_,6215,6290,6215,6240,17259919
20191223_,6190,6285,6190,6245,16905545
20191224_,6230,6340,6230,6335,19492646
20191226_,6330,6375,6290,6295,16231126
20191227_,6215,6255,5985,6090,31811394
20191230_,6080,6125,6055,6115,11515679
20200102_,6115,6290,6095,6265,17038978
20200103_,6150,6340,6085,6280,29235394
20200106_,6380,6395,6325,6370,21818285
20200107_,6300,6315,6190,6235,25751332
20200108_,6325,6405,6250,6325,33597961
20200109_,6135,6195,6110,6110,17723349
20200110_,6090,6110,5995,6005,20554481
20200113_,6005,6015,5870,5870,14064620
20200114_,5800,5840,5745,5825,20518826
20200115_,5865,5920,5840,5895,15149326
20200116_,5895,5910,5770,5775,15670996
20200117_,5705,5775,5650,5745,16546889
20200120_,5700,5700,5595,5655,18847594
20200121_,5670,5800,5650,5795,18389808
20200122_,5820,5830,5620,5635,26093264
20200123_,5705,5795,5690,5775,24228946
20200128_,6050,6195,6000,6130,36279514
20200129_,6080,6160,6030,6095,28813271
20200130_,6115,6375,6090,6330,41288904
20200131_,6235,6480,6205,6480,59175280
20200203_,6630,6695,6410,6465,84418826
20200204_,6455,6475,6200,6230,65001549
20200205_,6100,6240,6075,6180,56607027
20200206_,6045,6060,5780,5800,61550484
20200207_,5835,5970,5830,5895,48344694
20200210_,6040,6080,5950,5960,41221959
20200211_,5905,5915,5770,5840,37477709
20200212_,5860,5895,5730,5745,34299670
20200213_,5710,5805,5650,5790,46537831
20200214_,5795,5855,5655,5700,45475246
20200217_,5715,5775,5660,5695,30714449
20200218_,5795,5915,5770,5900,48933834
20200219_,5835,5995,5805,5875,54694570
20200220_,5790,6015,5770,5930,61630024
20200221_,6125,6145,6005,6125,62908990
20200224_,6355,6585,6350,6575,94418563
20200225_,6630,6645,6425,6435,78830478
20200226_,6700,6730,6545,6615,71717349
20200227_,6665,6810,6585,6770,81085403
20200228_,6995,7240,6920,7205,101702582
20200302_,7130,7320,6975,7065,99106518
20200303_,6745,7070,6710,7015,95770822
20200304_,7125,7130,6660,6695,88807232
20200305_,6600,6720,6500,6565,83815542
20200306_,6715,6885,6680,6825,85632865
20200309_,7255,7500,7195,7420,91256710
20200310_,7430,7545,7270,7305,101176387
20200311_,7355,7825,7315,7750,130760459
20200312_,7905,8575,7845,8340,232154519
20200313_,9590,9785,8330,8700,229000640
20200316_,8540,9410,8400,9410,204351634
20200317_,10130,10270,9175,9740,261449933
20200318_,9740,10915,9595,10915,275017474
20200319_,10290,12815,10125,12365,493263934
20200320_,11650,12315,10530,10530,353530116
20200323_,11805,12090,11250,11700,269458606
20200324_,11000,11410,9535,9635,266756217
20200325_,9015,9350,8400,8460,375960417
20200326_,8440,8735,8185,8735,343330776
20200327_,7885,8920,7880,8325,422788093
20200330_,8725,8915,8210,8365,289228109
20200331_,8200,8390,8020,8090,259690390
20200401_,8230,8830,8045,8830,269351753
20200402_,8700,9025,8310,8325,384091052
20200403_,8310,8545,8170,8330,283573534
20200406_,8145,8185,7605,7660,246362127
20200407_,7350,7680,7235,7380,347552495
20200408_,7485,7595,7270,7585,245210832
20200409_,7310,7535,7305,7365,223882276
20200410_,7415,7480,7245,7255,203640810
20200413_,7310,7530,7305,7525,173756388
20200414_,7375,7445,7150,7235,181518778
20200416_,7360,7475,7205,7220,193274862
20200417_,6930,6955,6660,6770,257739187
20200420_,6820,6990,6755,6940,159701157
20200421_,7040,7345,6960,7100,358123735
20200422_,7300,7385,6940,6965,234544115
20200423_,6890,7000,6775,6830,181085925
20200424_,6940,7125,6900,7055,179863744
20200427_,6990,7030,6695,6750,156679490
20200428_,6730,6860,6640,6680,175455336
20200429_,6690,6710,6495,6575,158346613
20200504_,6870,7000,6810,6970,180130954
20200506_,6770,6945,6730,6730,130923389
20200507_,6800,6830,6665,6745,120669389
20200508_,6650,6660,6540,6620,116817472
20200511_,6595,6745,6520,6725,113533586
20200512_,6725,6940,6700,6810,185202066
20200513_,7000,7005,6675,6675,175248853
20200514_,6785,6880,6750,6825,151711469
20200515_,6700,6875,6690,6760,139416890
20200518_,6700,6815,6640,6665,107719777
20200519_,6380,6425,6300,6325,131947471
20200520_,6380,6390,6265,6295,79242192
20200521_,6215,6285,6200,6255,89349034
20200522_,6245,6515,6230,6460,143691980
20200525_,6380,6480,6280,6280,112202351
20200526_,6260,6275,6060,6060,131832828
20200527_,6120,6140,5985,6045,133862283
20200528_,5945,6165,5885,6015,186995635
20200529_,6085,6155,5960,6025,154861828
20200601_,5995,6005,5795,5800,120665693
20200602_,5805,5830,5655,5670,116614923
20200603_,5555,5565,5185,5270,230048100
20200604_,5110,5285,5005,5245,263428499
20200605_,5260,5305,5055,5060,177264894
20200608_,4880,5120,4875,5075,160154335
20200609_,5000,5185,4940,5085,206358445
20200610_,5090,5125,5010,5045,115526123
20200611_,5135,5315,5045,5250,229822004
20200612_,5590,5610,5395,5420,254761085
20200615_,5535,5960,5465,5960,337746671
20200616_,5620,5685,5260,5260,316290914
20200617_,5300,5465,5205,5275,334578409
20200618_,5335,5405,5270,5315,214615293
20200619_,5210,5455,5205,5280,225008751
20200622_,5370,5380,5260,5330,147107519
20200623_,5245,5425,5170,5310,288466384
20200624_,5265,5275,5080,5135,188505439
20200625_,5300,5405,5230,5405,242660764
20200626_,5275,5380,5215,5265,197597918
20200629_,5395,5475,5300,5435,237460760
20200630_,5265,5345,5205,5335,221071063
20200701_,5235,5360,5210,5335,180785489
20200702_,5290,5310,5210,5210,154513024
20200703_,5170,5215,5100,5115,145544311
20200706_,5085,5100,4920,4940,160061060
20200707_,4860,5065,4855,5060,203946927
20200708_,5060,5120,5015,5090,164119284
20200709_,5035,5055,4970,5040,151185987
20200710_,5030,5190,5015,5145,189199424
20200713_,5040,5075,4935,4945,127341615
20200714_,5015,5060,4955,4955,151674088
20200715_,4850,4915,4790,4860,137175335
20200716_,4865,5000,4855,4965,153501957
20200717_,4955,4965,4875,4890,127459097
20200720_,4865,4980,4850,4915,121487927
20200721_,4820,4835,4730,4765,139448881
20200722_,4775,4820,4735,4800,118686149
20200723_,4795,4925,4795,4855,130918864
20200724_,4935,4960,4850,4910,158310182
20200727_,4930,4935,4765,4810,133058810
20200728_,4725,4740,4560,4615,194286530
20200729_,4610,4625,4505,4560,175180419
20200730_,4500,4560,4485,4555,105927855
20200731_,4515,4640,4480,4620,157547123
20200803_,4615,4685,4600,4625,114629409
20200804_,4570,4580,4485,4520,123981346
20200805_,4495,4525,4415,4415,140067702
20200806_,4370,4390,4230,4275,201783170
20200807_,4245,4320,4195,4235,166121232
20200810_,4250,4265,4100,4110,153937367
20200811_,4100,4115,3965,4000,178908603
20200812_,4040,4100,3965,3965,183207187
20200813_,3890,4050,3880,3970,153843368
20200814_,3985,4120,3965,4045,195024721
20200818_,4010,4245,3985,4215,204873013
20200819_,4140,4200,4100,4185,166115090
20200820_,4250,4525,4220,4505,329691686
20200821_,4395,4470,4265,4370,327690217
20200824_,4365,4455,4260,4280,203069929
20200825_,4210,4255,4150,4165,169007541
20200826_,4170,4275,4130,4165,205021736
20200827_,4145,4240,4130,4240,209854511
20200828_,4175,4245,4095,4190,237856976
20200831_,4130,4325,4095,4325,200225426
20200901_,4325,4330,4225,4255,196894624
20200902_,4190,4300,4175,4210,161522485
20200903_,4135,4145,4055,4085,194361694
20200904_,4305,4310,4185,4200,234809652
20200907_,4185,4235,4140,4165,141117315
20200908_,4090,4125,4050,4050,136591141
20200909_,4150,4170,4095,4140,151562414
20200910_,4060,4100,4040,4060,128161970
20200911_,4105,4160,4065,4065,147353710
20200914_,4005,4020,3950,3960,137055377
20200915_,3930,3970,3895,3900,108203999
20200916_,3910,3940,3875,3925,106221412
20200917_,3940,4055,3930,4040,178031530
20200918_,4005,4065,3990,4010,142484380
20200921_,4030,4105,3950,4080,170343569
20200922_,4095,4310,4075,4275,252446700
20200923_,4210,4415,4195,4240,347218346
20200924_,4350,4450,4320,4435,333011749
20200925_,4380,4445,4350,4390,214507507
20200928_,4295,4350,4250,4265,149493994
20200929_,4175,4235,4155,4200,166757946
20201005_,4195,4215,4070,4090,158366641
20201006_,4050,4110,4025,4080,132303583
20201007_,4130,4145,3995,3995,167418050
20201008_,3930,4025,3925,3985,148790510
20201012_,3955,3990,3930,3960,104974956
20201013_,3915,4015,3905,3955,130953613
20201014_,3950,4050,3940,4030,143020913
20201015_,4040,4130,4035,4095,186654159
20201016_,4075,4195,4055,4135,202538372
20201019_,4090,4125,4055,4120,146943487
20201020_,4160,4190,4055,4055,224209340
20201021_,4045,4075,4010,4030,130048030
20201022_,4075,4140,4075,4090,141582820
20201023_,4055,4125,4035,4060,145288504
20201026_,4040,4085,4010,4085,149431133
20201027_,4135,4165,4085,4140,172460487
20201028_,4185,4205,4100,4100,142605894
20201029_,4205,4285,4180,4190,197795248
20201030_,4225,4420,4220,4410,214675759
20201102_,4400,4415,4280,4290,191749373
20201103_,4250,4260,4105,4115,199801946
20201104_,4040,4135,4015,4065,296337582
20201105_,4015,4030,3875,3885,240749482
20201106_,3845,3885,3805,3860,258425196
20201109_,3780,3795,3705,3760,193122895
20201110_,3720,3820,3720,3765,203140154
20201111_,3745,3745,3630,3635,185875317
20201112_,3655,3700,3630,3670,156209610
20201113_,3700,3710,3595,3595,193924801
